<?xml version="1.0" encoding="ISO-8859-1"?>
<?xml-stylesheet href="style.css" type="text/css"?>
<clase>
	<id>
		<curso>1</curso>
		<ciclo>ASIR</ciclo>
		<anios>2019-2020</anios>
	</id>
	<modulos>
		<modulo>
			<nombre>Redes Locales</nombre>
			<profesor sustituto="si">
				<persona>
					<nombre>Jose</nombre>
					<apellidos>Garcia Rodriguez</apellidos>
				</persona>
			</profesor>
		</modulo>
		<modulo>
			<nombre>Sistemas Operativos</nombre>
			<profesor>
				<persona>
					<nombre>Elena</nombre>
					<apellidos>Alvarez Fuente</apellidos>
				</persona>
			</profesor>
		</modulo>

		<modulo>
			<nombre>Base de datos</nombre>
			<profesor cargo="coordinador">
				<persona>
					<nombre>Alvaro</nombre>
					<apellidos>Martin Bueno</apellidos>
				</persona>
			</profesor>
		</modulo>

		<modulo>
			<nombre>Lenguaje de Marcas</nombre>
			<profesor cargo="tutor">
				<persona>
					<nombre>Elena</nombre>
					<apellidos>Perez Lopez</apellidos>
				</persona>
			</profesor>
		</modulo>
	</modulos>

	<alumnos>

		<alumno>
			<persona>
				<dni>111111111f</dni>
				<nombre>Carlos Manuel</nombre>
				<apellidos>Romero Taboada</apellidos>
			</persona>
			<notas>
				<modulo>
					<nombre>Redes Locales</nombre>
					<parcial>3.4</parcial>
					<parcial>2.5</parcial>
					<parcial />
					<parcial />
					<final>2.5</final>
					<calificacion>Suspenso</calificacion>
				</modulo>

				<modulo>
					<nombre>Sistemas Operativos</nombre>
					<parcial>6.7</parcial>
					<parcial>7.2</parcial>
					<parcial>7.3</parcial>
					<parcial />
					<final>6.5</final>
					<calificacion>Bien</calificacion>
				</modulo>


				<modulo>
					<nombre>Base de datos</nombre>
					<parcial>6.2</parcial>
					<parcial>8.2</parcial>
					<parcial>5.3</parcial>
					<parcial />
					<final>7.5</final>
					<calificacion>Notable</calificacion>
				</modulo>
				<modulo>

					<nombre>Lenguaje de Marcas</nombre>
					<parcial>4.2</parcial>
					<parcial>7.2</parcial>
					<parcial>5.3</parcial>
					<parcial />
					<final>6.5</final>
					<calificacion>Bien</calificacion>
				</modulo>
			</notas>
		</alumno>


		<alumno>
			<persona>
				<dni>222222222G</dni>
				<nombre>Marina</nombre>
				<apellidos>Perez Conde</apellidos>
			</persona>
			<notas>
				<modulo>
					<nombre>Redes Locales</nombre>
					<parcial>8.4</parcial>
					<parcial>7.5</parcial>
					<parcial />
					<parcial />
					<final>9.5</final>
					<calificacion>Sobresaliente</calificacion>
				</modulo>

				<modulo>
					<nombre>Sistemas Operativos</nombre>
					<parcial>8.5</parcial>
					<parcial>7.2</parcial>
					<parcial>8.5</parcial>
					<parcial />
					<final>9.0</final>
					<calificacion>Sobresaliente</calificacion>
				</modulo>


				<modulo>
					<nombre>Lenguaje de Marcas</nombre>
					<parcial>7</parcial>
					<parcial>7.8</parcial>
					<parcial>8.5</parcial>
					<parcial />
					<final>8.7</final>
					<calificacion>Sobresaliente</calificacion>
				</modulo>

			</notas>
		</alumno>


		<alumno>
			<persona>
				<nombre>Jaime</nombre>
				<apellidos>Valle Rodriguez</apellidos>
			</persona>
			<notas>
				<modulo>
					<nombre>Redes Locales</nombre>
					<parcial>0.4</parcial>
					<parcial>2.5</parcial>
					<parcial />
					<parcial />
					<final>2.5</final>
					<calificacion>Suspenso</calificacion>
				</modulo>

				<modulo>
					<nombre>Sistemas Operativos</nombre>
					<parcial>4.4</parcial>
					<parcial>3.2</parcial>
					<parcial>3.3</parcial>
					<parcial />
					<final>5.8</final>
					<calificacion>Aprobado</calificacion>
				</modulo>


				<modulo>
					<nombre>Lenguaje de Marcas</nombre>
					<parcial>4</parcial>
					<parcial>4.2</parcial>
					<parcial>1.3</parcial>
					<parcial />
					<final>1.5</final>
					<calificacion>Suspenso</calificacion>
				</modulo>

			</notas>
		</alumno>


		<alumno>
			<persona>
				<dni>12345679L</dni>
				<nombre>Jose Antonio</nombre>
				<apellidos>Ramirez Vazquez</apellidos>
			</persona>
			<notas>
				<modulo>
					<nombre>Redes Locales</nombre>
					<parcial>5.4</parcial>
					<parcial>5.5</parcial>
					<parcial />
					<parcial />
					<final>6.5</final>
					<calificacion>Bien</calificacion>
				</modulo>

				<modulo>
					<nombre>Sistemas Operativos</nombre>
					<parcial>3.4</parcial>
					<parcial>7.2</parcial>
					<parcial>7.3</parcial>
					<parcial />
					<final>6.8</final>
					<calificacion>Notable</calificacion>
				</modulo>


				<modulo>
					<nombre>Lenguaje de Marcas</nombre>
					<parcial>8</parcial>
					<parcial>8.5</parcial>
					<parcial>9.2</parcial>
					<parcial />
					<final>9</final>
					<calificacion>Sobresaliente</calificacion>
				</modulo>

			</notas>
		</alumno>


	</alumnos>
</clase>